{"search":"","showTags":false,"showAttachments":false,"hideUnresolved":false,"showOrphans":true,"showArrow":true,"textFadeMultiplier":-0.2,"nodeSizeMultiplier":2.33601762820513,"lineSizeMultiplier":2.53064431179775,"centerStrength":0.186698717948718,"repelStrength":9.46848290598291,"linkStrength":0.977430555555556,"linkDistance":292,"scale":0.4643519784307864}